Address,Name
0xF4985070Ce32b6B1994329DF787D1aCc9a2dd9e2,AxieClockAuction
0x09238a2AA20600e9773990677D17FEf91E688523,Unknown shariq911.eth
0xE7232a9Fd8bF427Aa41918BC008D32290e22990e,SaleManager
0xE052113bd7D7700d623414a0a4585BCaE754E9d5,Nifty Gateway
0xC19B4B5F76D8148BcC78329Bd37a0Ea2513440bc,SaleManager_v2
649eff2dc5d9c5c641260c8b9bede4770fccf5e7,MarbleDutchAuction
0x185b257AA51Fdc45176cF1FfaC6a0bFB5cF28afD,MCH Hero Gateway 2
0x5f7BA84c7984Aa5ef329B66E313498F0aEd6d23A,Cheeth
0x762FBA3875Baf5dfA20BFC05588ed377DC739f9A,Unknown (MLBCB)
0xBE60333fE9d9d10D2801E11c2A0e5060C83c8B30,MCH Extension Gateway 2
0x138A35eE20E40f019e7e7c00386ab2Ef42d66d1e,MCH Hero Gateway 1
0xD9691115Ea01A9c066eE8E098e0370E2B35764Fd,Unknown
0xC310e760778ECBca4C65B6C559874757A4c4Ece0,NFT Trader Batch swap
0xcDA72070E455bb31C7690a170224Ce43623d0B6f,Foundation Market
0x1f98407aaB862CdDeF78Ed252D6f557aA5b0f00d,Uniswap v3: Staker
0x8124b02b4967Bd7338a450420a572D574915Ff9C,Unknown collin.eth
0x240ad467a71210629D71D4dE22ebde27951c83Fc,Unknown toterdao.eth
0xAf93fCce0548D3124A5fC3045adAf1ddE4e8Bf7e,AdminUpgradeabilityProxy
0xf042a49fb03cb9d98cba9def8711cee85dc72281,Tower
0xb2f43262fc23d253538ca5f7b4890f89f0ee95d9,Fish farm
0xa57bd00134b2850b2a1c55860c9e9ea100fdd6cf,MEV bot
0x0000000000000000000000000000000000000000,null address
